BME205H1S,Winter2021,Faculty of Applied Science and Engineering,,
ACTIVITY,TIME,LOCATION,INSTRUCTOR,DELIVERY METHOD
LEC0101,Tuesday 10:00AM - 11:00AM,MY150,"Bouwmeester  Chris", In Person, 0
,Thursday 4:00PM - 5:00PM,MY150
,Tuesday 10:00AM - 11:00AM,MY150
,Thursday 4:00PM - 5:00PM,MY150
,,,,
PRA0101,Monday 9:00AM - 12:00AM,MB78, occurs once every two weeks, In Person, 0
,,,,
PRA0102,Monday 1:00PM - 4:00PM,MB78, occurs once every two weeks, In Person, 0
,,,,
PRA0103,Wednesday 9:00AM - 12:00AM,MB78, occurs once every two weeks, In Person, 0
,,,,
PRA0104,Thursday 1:00PM - 4:00PM,MB78, occurs once every two weeks, In Person, 0
,,,,
PRA0105,Thursday 5:00PM - 8:00PM,MB78, occurs once every two weeks, In Person, 0
,,,,
PRA0106,Friday 9:00AM - 12:00AM,MB78, occurs once every two weeks, In Person, 0
,,,,
PRA0107,Monday 9:00AM - 12:00AM,MB78, occurs once every two weeks, In Person, 0
,,,,
PRA0108,Monday 1:00PM - 4:00PM,MB78, occurs once every two weeks, In Person, 0
,,,,
PRA0109,Wednesday 9:00AM - 12:00AM,MB78, occurs once every two weeks, In Person, 0
,,,,
PRA0110,Thursday 1:00PM - 4:00PM,MB78, occurs once every two weeks, In Person, 0
,,,,
PRA0111,Thursday 5:00PM - 8:00PM,MB78, occurs once every two weeks, In Person, 0
,,,,
PRA0112,Friday 9:00AM - 12:00AM,MB78, occurs once every two weeks, In Person, 0
,,,,
TUT0101,Wednesday 3:00PM - 4:00PM,MY370, , In Person, 0
,,,,
TUT0102,Thursday 9:00AM - 10:00AM,MY430, , In Person, 0
,,,,
TUT0103,Thursday 11:00AM - 12:00AM,MY315, , In Person, 0
,,,,
TUT0104,Friday 11:00AM - 12:00AM,MY480, , In Person, 0
,,,,
TUT0105,Friday 9:00AM - 10:00AM,MY315, , In Person, 0
,,,,
TUT0106,Wednesday 11:00AM - 12:00AM,MY350, , In Person, 0
,,,,
TUT0107,Thursday 11:00AM - 12:00AM,MY350, , In Person, 0
,,,,
TUT0108,Thursday 5:00PM - 6:00PM,MY430, , In Person, 0
,,,,
TUT0109,Monday 1:00PM - 2:00PM,MY440, , In Person, 0
,,,,
TUT0110,Monday 1:00PM - 2:00PM,MY315, , In Person, 0
,,,,
TUT0111,Tuesday 4:00PM - 5:00PM,SF3201, , In Person, 0
,,,,
TUT0112,Thursday 5:00PM - 6:00PM,MY440, , In Person, 0
,,,,
